
INSERT INTO Personas VALUES ('Pablo Osorio', 6208386337, 3151721231, 'Avenida 105#14-5', 'PabloOsorio@outlook.com', to_date('7-7-1984','DD/MM/YYYY'));
INSERT INTO Personas VALUES ('Alfredo Giraldo', 6219830575, 3086253106, 'Calle 197#16-6', 'AlfredoGiraldo@gmail.com', to_date('7-3-1989','DD/MM/YYYY'));
INSERT INTO Personas VALUES ('Adriana Jaramillo', 8746249543, 3211605920, 'Avenida 95#17-2', 'AdrianaJaramillo@yahoo.es', to_date('27-10-1967','DD/MM/YYYY'));
INSERT INTO Personas VALUES ('Juliana Ruiz', 6558144837, 3046060207, 'Carrera 95#3-7', 'JulianaRuiz@yahoo.com', to_date('8-1-1961','DD/MM/YYYY'));
INSERT INTO Personas VALUES ('German Zapata', 8543890248, 3137652843, 'Carrera 59#15-15', 'GermanZapata@gmail.com', to_date('1-7-1998','DD/MM/YYYY'));
INSERT INTO Personas VALUES ('Helena Gomez', 6335802748, 3252844189, 'Carrera 106#7-15', 'HelenaGomez@yahoo.es', to_date('24-9-1989','DD/MM/YYYY'));
INSERT INTO Personas VALUES ('Victor Romero', 2911993781, 3262219955, 'Calle 69#8-23', 'VictorRomero@gmail.com', to_date('3-10-1973','DD/MM/YYYY'));
INSERT INTO Personas VALUES ('Oscar Bermudez', 2987714661, 3198603905, 'Avenida 23#9-21', 'OscarBermudez@gmail.com', to_date('8-10-1949','DD/MM/YYYY'));
INSERT INTO Personas VALUES ('Nacho Gonzalez', 9142976994, 3161520139, 'Avenida 13#5-25', 'NachoGonzalez@yahoo.es', to_date('8-9-1997','DD/MM/YYYY'));
INSERT INTO Personas VALUES ('Nestor Marin', 9160133731, 3060340388, 'Carrera 108#11-1', 'NestorMarin@gmail.com', to_date('16-4-1969','DD/MM/YYYY'));
INSERT INTO Personas VALUES ('Alfonso Romero', 4236389660, 3156757059, 'Calle 157#19-9', 'AlfonsoRomero@yahoo.com', to_date('9-12-1976','DD/MM/YYYY'));
INSERT INTO Personas VALUES ('Luis Villamil', 5375514070, 3232692175, 'Carrera 150#11-2', 'LuisVillamil@yahoo.com', to_date('20-8-1962','DD/MM/YYYY'));
INSERT INTO Personas VALUES ('Pedro Diaz', 8702095626, 3130665382, 'Calle 74#6-11', 'PedroDiaz@outlook.com', to_date('13-9-1949','DD/MM/YYYY'));
INSERT INTO Personas VALUES ('Hector Florez', 2702732205, 3249403339, 'Avenida 140#24-1', 'HectorFlorez@yahoo.com', to_date('20-10-1990','DD/MM/YYYY'));
INSERT INTO Personas VALUES ('Sofia Rojas', 7450449265, 3027017062, 'Avenida 34#10-16', 'SofiaRojas@outlook.com', to_date('29-9-1986','DD/MM/YYYY'));
INSERT INTO Personas VALUES ('Pedro Quintero', 2823311878, 3063336145, 'Calle 125#19-25', 'PedroQuintero@gmail.com', to_date('11-1-1988','DD/MM/YYYY'));
INSERT INTO Personas VALUES ('Laura Diaz', 9632837210, 3279771905, 'Calle 182#6-6', 'LauraDiaz@yahoo.es', to_date('8-7-1949','DD/MM/YYYY'));
INSERT INTO Personas VALUES ('Luis Osorio', 8675060299, 3122416068, 'Avenida 156#25-9', 'LuisOsorio@hotmail.com', to_date('29-11-1963','DD/MM/YYYY'));
INSERT INTO Personas VALUES ('Roberto Valencia', 5888151116, 3222206257, 'Calle 120#23-17', 'RobertoValencia@outlook.com', to_date('27-9-1992','DD/MM/YYYY'));
INSERT INTO Personas VALUES ('Daniela Parra', 7644763434, 3017680447, 'Calle 173#9-17', 'DanielaParra@yahoo.es', to_date('22-4-1997','DD/MM/YYYY'));
INSERT INTO Personas VALUES ('Diego Perez', 7000207341, 3251100933, 'Calle 106#9-8', 'DiegoPerez@hotmail.com', to_date('30-5-1965','DD/MM/YYYY'));
INSERT INTO Personas VALUES ('María Jaramillo', 5846046978, 3157666590, 'Carrera 103#8-1', 'MaríaJaramillo@gmail.com', to_date('22-2-1962','DD/MM/YYYY'));
INSERT INTO Personas VALUES ('Rafael Cardenas', 7258775225, 3199566997, 'Calle 62#17-1', 'RafaelCardenas@hotmail.com', to_date('19-12-1996','DD/MM/YYYY'));
INSERT INTO Personas VALUES ('Luis Correa', 3916084140, 3196982167, 'Carrera 204#25-19', 'LuisCorrea@yahoo.es', to_date('2-10-1980','DD/MM/YYYY'));
INSERT INTO Personas VALUES ('Pedro Ruiz', 1530068780, 3067573222, 'Avenida 164#12-4', 'PedroRuiz@hotmail.com', to_date('30-10-1983','DD/MM/YYYY'));
INSERT INTO Personas VALUES ('Fernando Cardona', 3019390227, 3237741116, 'Avenida 119#18-19', 'FernandoCardona@yahoo.com', to_date('24-5-1990','DD/MM/YYYY'));
INSERT INTO Personas VALUES ('Santiago Pinto', 2782960996, 3265975219, 'Calle 164#14-11', 'SantiagoPinto@yahoo.es', to_date('10-3-1975','DD/MM/YYYY'));
INSERT INTO Personas VALUES ('Marcos Cardona', 8610919570, 3246260857, 'Carrera 153#3-24', 'MarcosCardona@outlook.com', to_date('5-12-1946','DD/MM/YYYY'));
INSERT INTO Personas VALUES ('Juliana Rojas', 8284328194, 3090492411, 'Avenida 101#13-7', 'JulianaRojas@gmail.com', to_date('2-2-1974','DD/MM/YYYY'));
INSERT INTO Personas VALUES ('Alba Cortes', 5206350819, 3198980268, 'Carrera 12#15-15', 'AlbaCortes@outlook.com', to_date('18-11-1967','DD/MM/YYYY'));
INSERT INTO Empleados VALUES (5888151116,'Cajero','Sabados y Domingos 9am - 3pm');
INSERT INTO Empleados VALUES (4236389660,'Veterinario','Sabados y Domingos 9am - 3pm');
INSERT INTO Empleados VALUES (6208386337,'Asistente','Sabados y Domingos 9am - 3pm');
INSERT INTO Empleados VALUES (7258775225,'Cajero','Lunes a Viernes de 7am - 5pm');
INSERT INTO Empleados VALUES (5206350819,'Veterinario','Lunes a Viernes de 7am - 5pm');
INSERT INTO Empleados VALUES (8746249543,'Veterinario','Sabados y Domingos 9am - 3pm');
INSERT INTO Empleados VALUES (7450449265,'Veterinario','Lunes a Viernes de 7am - 5pm');
INSERT INTO Empleados VALUES (8543890248,'Asistente','Sabados y Domingos 9am - 3pm');
INSERT INTO Empleados VALUES (9142976994,'Asistente','Lunes a Viernes de 7am - 5pm');
INSERT INTO Empleados VALUES (2702732205,'Asistente','Lunes a Viernes de 7am - 5pm');
INSERT INTO Empleados VALUES (8702095626,'Cajero','Lunes a Viernes de 7am - 5pm');
INSERT INTO Empleados VALUES (6558144837,'Asistente','Lunes a Viernes de 7am - 5pm');
INSERT INTO Empleados VALUES (8284328194,'Veterinario','Sabados y Domingos 9am - 3pm');
INSERT INTO Empleados VALUES (2782960996,'Cajero','Lunes a Viernes de 7am - 5pm');
INSERT INTO Empleados VALUES (5846046978,'Cajero','Sabados y Domingos 9am - 3pm');
INSERT INTO Veterinarios VALUES (8746249543, 'Rural');
INSERT INTO Veterinarios VALUES (8284328194, 'Especialista');
INSERT INTO Veterinarios VALUES (7450449265, 'Rural');
INSERT INTO Veterinarios VALUES (5206350819, 'Especialista');
INSERT INTO Veterinarios VALUES (4236389660, 'Domestico');
INSERT INTO Asistentes VALUES (2702732205, 'Peluqueria');
INSERT INTO Asistentes VALUES (8543890248, 'Guarderia');
INSERT INTO Asistentes VALUES (9142976994, 'Peluqueria');
INSERT INTO Asistentes VALUES (6558144837, 'Peluqueria');
INSERT INTO Asistentes VALUES (6208386337, 'Guarderia');
INSERT INTO Cajeros VALUES (2782960996);
INSERT INTO Cajeros VALUES (5846046978);
INSERT INTO Cajeros VALUES (5888151116);
INSERT INTO Cajeros VALUES (7258775225);
INSERT INTO Cajeros VALUES (8702095626);
INSERT INTO Dueños VALUES (3916084140);
INSERT INTO Dueños VALUES (8746249543);
INSERT INTO Dueños VALUES (2911993781);
INSERT INTO Dueños VALUES (2987714661);
INSERT INTO Dueños VALUES (7258775225);
INSERT INTO Dueños VALUES (6558144837);
INSERT INTO Dueños VALUES (5846046978);
INSERT INTO Dueños VALUES (7644763434);
INSERT INTO Dueños VALUES (7000207341);
INSERT INTO Dueños VALUES (9632837210);
INSERT INTO Dueños VALUES (8610919570);
INSERT INTO Dueños VALUES (6335802748);
INSERT INTO Dueños VALUES (8543890248);
INSERT INTO Dueños VALUES (8702095626);
INSERT INTO Dueños VALUES (1530068780);
INSERT INTO Dueños VALUES (6219830575);
INSERT INTO Dueños VALUES (9160133731);
INSERT INTO Dueños VALUES (5375514070);
INSERT INTO Dueños VALUES (2823311878);
INSERT INTO Dueños VALUES (8675060299);
INSERT INTO Dueños VALUES (3019390227);
INSERT INTO Mascotas VALUES ('Crema',1,'Canino','Labrador','Macho',37.00,to_date('4-8-2016','DD/MM/YYYY'),'En la piel',2987714661);
INSERT INTO Mascotas VALUES ('Est',2,'Ave','New Hampshire','Hembra',0.39,to_date('25-11-2009','DD/MM/YYYY'),NULL,3916084140);
INSERT INTO Mascotas VALUES ('Volton',3,'Ave','Hisex White','Hembra',0.87,to_date('23-8-2010','DD/MM/YYYY'),NULL,6335802748);
INSERT INTO Mascotas VALUES ('Axic',4,'Felino','Angora turco','Hembra',6.01,to_date('14-4-2008','DD/MM/YYYY'),'En la piel',6335802748);
INSERT INTO Mascotas VALUES ('Enzzo',5,'Bovino','Santa Gertrudis','Hembra',630.00,to_date('17-2-2010','DD/MM/YYYY'),NULL,8543890248);
INSERT INTO Mascotas VALUES ('Ginger',6,'Roedor','Rata Dumbo','Hembra',0.02,to_date('5-3-2010','DD/MM/YYYY'),NULL,8702095626);
INSERT INTO Mascotas VALUES ('Priscilla',7,'Roedor','Rata Dumbo','Hembra',0.05,to_date('4-2-2016','DD/MM/YYYY'),'Alimentos',1530068780);
INSERT INTO Mascotas VALUES ('Basette',8,'Canino','Golden Retriever','Macho',31.00,to_date('9-3-2012','DD/MM/YYYY'),'Ambiente',7644763434);
INSERT INTO Mascotas VALUES ('Bilal',9,'Equino','Buckskin','Hembra',532.00,to_date('19-11-2014','DD/MM/YYYY'),'Alimentos',6558144837);
INSERT INTO Mascotas VALUES ('Maxime',10,'Roedor','Hamster comun','Macho',0.05,to_date('15-2-2014','DD/MM/YYYY'),NULL,1530068780);
INSERT INTO Mascotas VALUES ('Hilda',11,'Ave','Menorca','Macho',0.81,to_date('6-6-2017','DD/MM/YYYY'),'Ambiente',1530068780);
INSERT INTO Mascotas VALUES ('Pruna',12,'Ave','Jersey blanca gigante','Macho',0.80,to_date('3-3-2014','DD/MM/YYYY'),NULL,3916084140);
INSERT INTO Mascotas VALUES ('Auro',13,'Acuatico','Rhode Island Red','Macho',0.71,to_date('9-3-2007','DD/MM/YYYY'),'En la piel',8702095626);
INSERT INTO Mascotas VALUES ('Ahibe',14,'Equino','Caballo de Merens','Macho',682.00,to_date('10-2-2013','DD/MM/YYYY'),NULL,8610919570);
INSERT INTO Mascotas VALUES ('Vanisse',15,'Ave','Ross','Hembra',0.41,to_date('5-11-2007','DD/MM/YYYY'),NULL,1530068780);
INSERT INTO Mascotas VALUES ('Malorie',16,'Acuatico','Hisex Brown','Hembra',0.42,to_date('20-2-2008','DD/MM/YYYY'),'En la piel',6558144837);
INSERT INTO Mascotas VALUES ('Pua',17,'Equino','Árabe-portugués','Hembra',692.00,to_date('16-1-2005','DD/MM/YYYY'),NULL,8746249543);
INSERT INTO Mascotas VALUES ('Gilda',18,'Felino','Chartreux','Hembra',4.31,to_date('9-11-2007','DD/MM/YYYY'),'Alimentos',1530068780);
INSERT INTO Mascotas VALUES ('Tino',19,'Canino','Boxer','Macho',30.00,to_date('3-8-2012','DD/MM/YYYY'),'Alimentos',8610919570);
INSERT INTO Mascotas VALUES ('Greta',20,'Equino','Caballo de los Outer Banks','Macho',646.00,to_date('26-12-2012','DD/MM/YYYY'),'Alimentos',8746249543);
INSERT INTO Mascotas VALUES ('Indio',21,'Equino','Don','Hembra',594.00,to_date('28-6-2017','DD/MM/YYYY'),'En la piel',2987714661);
INSERT INTO Mascotas VALUES ('Kannuck',22,'Acuatico','Menorca','Macho',0.85,to_date('27-4-2006','DD/MM/YYYY'),NULL,1530068780);
INSERT INTO Mascotas VALUES ('Benif',23,'Bovino','Jersey','Macho',479.00,to_date('25-2-2011','DD/MM/YYYY'),NULL,8543890248);
INSERT INTO Mascotas VALUES ('Bilal',24,'Bovino','Guernsey','Hembra',522.00,to_date('20-7-2007','DD/MM/YYYY'),'Ambiente',1530068780);
INSERT INTO Mascotas VALUES ('Violette',25,'Canino','Chow Chow','Hembra',27.00,to_date('1-6-2008','DD/MM/YYYY'),'Ambiente',6335802748);
INSERT INTO Mascotas VALUES ('Sidny',26,'Roedor','Hamster de Campbell','Hembra',0.03,to_date('23-3-2005','DD/MM/YYYY'),'Alimentos',1530068780);
INSERT INTO Mascotas VALUES ('Zaimon',27,'Canino','Collie','Macho',29.00,to_date('11-4-2006','DD/MM/YYYY'),'Ambiente',7258775225);
INSERT INTO Mascotas VALUES ('Kie',28,'Equino','Caballo de las retuertas','Hembra',678.00,to_date('21-4-2016','DD/MM/YYYY'),NULL,7258775225);
INSERT INTO Mascotas VALUES ('Auro',29,'Ave','Menorca','Macho',0.96,to_date('17-10-2014','DD/MM/YYYY'),'Alimentos',6335802748);
INSERT INTO Mascotas VALUES ('Kyle',30,'Canino','Chow Chow','Macho',12.00,to_date('18-9-2010','DD/MM/YYYY'),'Alimentos',2911993781);
INSERT INTO Mascotas VALUES ('Sersei',31,'Acuatico','Ross','Hembra',0.73,to_date('16-4-2016','DD/MM/YYYY'),NULL,1530068780);
INSERT INTO Mascotas VALUES ('Vivien',32,'Acuatico','Light Sussex','Macho',0.82,to_date('30-11-2015','DD/MM/YYYY'),NULL,9632837210);
INSERT INTO Solicitudes VALUES (1,to_date('7-6-2015','DD/MM/YYYY'),5846046978,8746249543,24);
INSERT INTO Solicitudes VALUES (2,to_date('8-1-2015','DD/MM/YYYY'),8702095626,6558144837,20);
INSERT INTO Solicitudes VALUES (3,to_date('12-6-2015','DD/MM/YYYY'),2782960996,1530068780,11);
INSERT INTO Solicitudes VALUES (4,to_date('13-9-2015','DD/MM/YYYY'),2782960996,1530068780,19);
INSERT INTO Solicitudes VALUES (5,to_date('3-1-2016','DD/MM/YYYY'),8702095626,2987714661,26);
INSERT INTO Solicitudes VALUES (6,to_date('12-9-2016','DD/MM/YYYY'),2782960996,1530068780,31);
INSERT INTO Solicitudes VALUES (7,to_date('1-8-2017','DD/MM/YYYY'),5846046978,9632837210,19);
INSERT INTO Solicitudes VALUES (8,to_date('10-3-2017','DD/MM/YYYY'),2782960996,3916084140,32);
INSERT INTO Solicitudes VALUES (9,to_date('14-6-2015','DD/MM/YYYY'),8702095626,8702095626,5);
INSERT INTO Solicitudes VALUES (10,to_date('5-6-2017','DD/MM/YYYY'),7258775225,7000207341,12);
INSERT INTO Solicitudes VALUES (11,to_date('7-5-2017','DD/MM/YYYY'),8702095626,3916084140,22);
INSERT INTO Solicitudes VALUES (12,to_date('11-8-2015','DD/MM/YYYY'),5888151116,9632837210,10);
INSERT INTO Solicitudes VALUES (13,to_date('11-9-2015','DD/MM/YYYY'),5846046978,1530068780,29);
INSERT INTO Solicitudes VALUES (14,to_date('9-10-2016','DD/MM/YYYY'),7258775225,1530068780,11);
INSERT INTO Solicitudes VALUES (15,to_date('12-8-2017','DD/MM/YYYY'),2782960996,1530068780,17);
INSERT INTO Solicitudes VALUES (16,to_date('8-11-2017','DD/MM/YYYY'),2782960996,1530068780,28);
INSERT INTO Solicitudes VALUES (17,to_date('13-6-2016','DD/MM/YYYY'),2782960996,7000207341,30);
INSERT INTO Solicitudes VALUES (18,to_date('10-5-2015','DD/MM/YYYY'),2782960996,3916084140,27);
INSERT INTO Solicitudes VALUES (19,to_date('9-5-2015','DD/MM/YYYY'),7258775225,1530068780,23);
INSERT INTO Solicitudes VALUES (20,to_date('3-6-2017','DD/MM/YYYY'),7258775225,1530068780,27);
INSERT INTO Solicitudes VALUES (21,to_date('5-10-2017','DD/MM/YYYY'),7258775225,8702095626,3);
INSERT INTO Solicitudes VALUES (22,to_date('12-12-2016','DD/MM/YYYY'),7258775225,1530068780,14);
INSERT INTO Solicitudes VALUES (23,to_date('11-1-2015','DD/MM/YYYY'),7258775225,9632837210,7);
INSERT INTO Solicitudes VALUES (24,to_date('3-2-2015','DD/MM/YYYY'),7258775225,1530068780,20);
INSERT INTO Solicitudes VALUES (25,to_date('5-8-2017','DD/MM/YYYY'),5846046978,8702095626,13);
INSERT INTO Solicitudes VALUES (26,to_date('12-2-2016','DD/MM/YYYY'),2782960996,6558144837,3);
INSERT INTO Solicitudes VALUES (27,to_date('1-8-2015','DD/MM/YYYY'),2782960996,1530068780,27);
INSERT INTO Solicitudes VALUES (28,to_date('7-6-2015','DD/MM/YYYY'),5846046978,1530068780,19);
INSERT INTO Solicitudes VALUES (29,to_date('9-5-2015','DD/MM/YYYY'),7258775225,1530068780,1);
INSERT INTO Solicitudes VALUES (30,to_date('11-10-2017','DD/MM/YYYY'),5846046978,8702095626,25);
INSERT INTO SolicitudesDeServicios VALUES(1, 'Hospitalización');
INSERT INTO SolicitudesDeServicios VALUES(2, 'Cirugía');
INSERT INTO SolicitudesDeServicios VALUES(3, 'Consulta');
INSERT INTO SolicitudesDeServicios VALUES(4, 'Cirugía');
INSERT INTO SolicitudesDeServicios VALUES(5, 'Consulta');
INSERT INTO SolicitudesDeServicios VALUES(6, 'Hospitalización');
INSERT INTO SolicitudesDeServicios VALUES(7, 'Laboratorio Clínico');
INSERT INTO SolicitudesDeServicios VALUES(8, 'Consulta');
INSERT INTO SolicitudesDeServicios VALUES(9, 'Cirugía');
INSERT INTO SolicitudesDeServicios VALUES(10, 'Consulta');
INSERT INTO SolicitudesDeServicios VALUES(11, 'Cirugía');
INSERT INTO SolicitudesDeServicios VALUES(12, 'Laboratorio Clínico');
INSERT INTO SolicitudesDeServicios VALUES(13, 'Consulta');
INSERT INTO SolicitudesDeServicios VALUES(14, 'Laboratorio Clínico');
INSERT INTO SolicitudesDeServicios VALUES(15, 'Consulta');
INSERT INTO SolicitudesDeServicios VALUES(16, 'Cirugía');
INSERT INTO SolicitudesDeServicios VALUES(17, 'Consulta');
INSERT INTO SolicitudesDeServicios VALUES(18, 'Guardería');
INSERT INTO SolicitudesDeServicios VALUES(19, 'Laboratorio Clínico');
INSERT INTO SolicitudesDeServicios VALUES(20, 'Peluquería');
INSERT INTO SolicitudesDeServicios VALUES(21, 'Cirugía');
INSERT INTO SolicitudesDeServicios VALUES(22, 'Hospitalización');
INSERT INTO SolicitudesDeServicios VALUES(23, 'Consulta');
INSERT INTO SolicitudesDeServicios VALUES(24, 'Hospitalización');
INSERT INTO SolicitudesDeServicios VALUES(25, 'Hospitalización');
INSERT INTO SolicitudesDeServicios VALUES(26, 'Consulta');
INSERT INTO SolicitudesDeServicios VALUES(27, 'Consulta');
INSERT INTO SolicitudesDeServicios VALUES(28, 'Consulta');
INSERT INTO SolicitudesDeServicios VALUES(29, 'Laboratorio Clínico');
INSERT INTO SolicitudesDeServicios VALUES(30, 'Peluquería');
INSERT INTO Citas VALUES(to_date('22-6-2015','DD/MM/YYYY'),8284328194,1);
INSERT INTO Citas VALUES(to_date('23-1-2015','DD/MM/YYYY'),8284328194,2);
INSERT INTO Citas VALUES(to_date('27-6-2015','DD/MM/YYYY'),4236389660,3);
INSERT INTO Citas VALUES(to_date('28-9-2015','DD/MM/YYYY'),5206350819,4);
INSERT INTO Citas VALUES(to_date('18-1-2016','DD/MM/YYYY'),4236389660,5);
INSERT INTO Citas VALUES(to_date('27-9-2016','DD/MM/YYYY'),8284328194,6);
INSERT INTO Citas VALUES(to_date('16-8-2017','DD/MM/YYYY'),4236389660,7);
INSERT INTO Citas VALUES(to_date('25-3-2017','DD/MM/YYYY'),4236389660,8);
INSERT INTO Citas VALUES(to_date('29-6-2015','DD/MM/YYYY'),8284328194,9);
INSERT INTO Citas VALUES(to_date('20-6-2017','DD/MM/YYYY'),4236389660,10);
INSERT INTO Citas VALUES(to_date('22-5-2017','DD/MM/YYYY'),5206350819,11);
INSERT INTO Citas VALUES(to_date('26-8-2015','DD/MM/YYYY'),4236389660,12);
INSERT INTO Citas VALUES(to_date('26-9-2015','DD/MM/YYYY'),4236389660,13);
INSERT INTO Citas VALUES(to_date('24-10-2016','DD/MM/YYYY'),4236389660,14);
INSERT INTO Citas VALUES(to_date('27-8-2017','DD/MM/YYYY'),8746249543,15);
INSERT INTO Citas VALUES(to_date('23-11-2017','DD/MM/YYYY'),5206350819,16);
INSERT INTO Citas VALUES(to_date('28-6-2016','DD/MM/YYYY'),4236389660,17);
INSERT INTO Citas VALUES(to_date('25-5-2015','DD/MM/YYYY'),8543890248,18);
INSERT INTO Citas VALUES(to_date('24-5-2015','DD/MM/YYYY'),8746249543,19);
INSERT INTO Citas VALUES(to_date('18-6-2017','DD/MM/YYYY'),9142976994,20);
INSERT INTO Citas VALUES(to_date('20-10-2017','DD/MM/YYYY'),8284328194,21);
INSERT INTO Citas VALUES(to_date('27-12-2016','DD/MM/YYYY'),8284328194,22);
INSERT INTO Citas VALUES(to_date('26-1-2015','DD/MM/YYYY'),4236389660,23);
INSERT INTO Citas VALUES(to_date('18-2-2015','DD/MM/YYYY'),5206350819,24);
INSERT INTO Citas VALUES(to_date('20-8-2017','DD/MM/YYYY'),8284328194,25);
INSERT INTO Citas VALUES(to_date('27-2-2016','DD/MM/YYYY'),4236389660,26);
INSERT INTO Citas VALUES(to_date('16-8-2015','DD/MM/YYYY'),4236389660,27);
INSERT INTO Citas VALUES(to_date('22-6-2015','DD/MM/YYYY'),4236389660,28);
INSERT INTO Citas VALUES(to_date('24-5-2015','DD/MM/YYYY'),4236389660,29);
INSERT INTO Citas VALUES(to_date('26-10-2017','DD/MM/YYYY'),2702732205,30);
INSERT INTO PrestacionesServicios VALUES(1, 1.007, 20000, 50000, 'Cuida su higiene: El cepillado regular es esencial para los perros jóvenes, debido a que elimina el pelo muerto, la suciedad y los parásitos; además, estimula el aporte de sangre hacia la piel, lo que genera un pelaje de aspecto más sano y brillante. Utiliza un equipo especial para esta acción.');
INSERT INTO PrestacionesServicios VALUES(2, 1.915, 20000, 70000, 'Horario para sus necesidades: Establece una rutina regular de alimentación; si se trata de un perro, sácalo de paseo con frecuencia para que haga sus necesidades, especialmente cuando se despierte. Si le ves caminar en círculos o gimiendo cerca de la puerta, son signos seguros de que necesita salir al exterior rápidamente. En el caso de los gatos, recuerda que ellos defecan en la arena, la cual debes cambiar cada 5 días.');
INSERT INTO PrestacionesServicios VALUES(3, 0.691, 60000, NULL, 'Evita los huesos de verdad, ya que pueden astillarse y asfixiarle.');
INSERT INTO PrestacionesServicios VALUES(4, 2.334, 40000, 20000, 'Para controlar el sarro y la placa dental, es aconsejable nutrirlo con un alimento seco, ya que le ayudará a aflojar los dientes de leche y acelerar así el proceso de dentición.');
INSERT INTO PrestacionesServicios VALUES(5, 1.796, 30000, NULL, 'Las infecciones en las vías urinarias son una de las enfermedades más comunes y son prevenibles. Sólo asegúrate que tus mascotas siempre tienen agua limpia y fresca a su alcance. Cámbiales el agua y lava sus platos regularmente.');
INSERT INTO PrestacionesServicios VALUES(6, 0.853, 40000, 50000, 'Si la boca de tu cachorro es muy sensible, ablanda la comida sumergiéndola primero en agua.');
INSERT INTO PrestacionesServicios VALUES(7, 1.212, 80000, NULL, 'Para ayudar a que salgan todos los dientes y deje de morder los muebles, tu cachorro necesitará algún objeto indestructible como puede ser un hueso de goma o una pelota para masticar. Asegúrate de que estos productos tienen el tamaño adecuado para que no los pueda tragar.');
INSERT INTO PrestacionesServicios VALUES(8, 2.188, 70000, NULL, 'Una mascota aburrida te costará cientos de zapatos, fundas, cajas y objetos mordisqueados. Invierte en juguetes interactivos que los mantendrán ocupados incluso cuando tengas que salir de casa.');
INSERT INTO PrestacionesServicios VALUES(9, 2.01, 10000, 20000, 'Horario para sus necesidades: Establece una rutina regular de alimentación; si se trata de un perro, sácalo de paseo con frecuencia para que haga sus necesidades, especialmente cuando se despierte. Si le ves caminar en círculos o gimiendo cerca de la puerta, son signos seguros de que necesita salir al exterior rápidamente. En el caso de los gatos, recuerda que ellos defecan en la arena, la cual debes cambiar cada 5 días.');
INSERT INTO PrestacionesServicios VALUES(10, 2.778, 60000, NULL, 'Una correcta atención sanitaria. Al adoptar una mascota, se debe tener un control de las visitas al especialista. En el caso de los cachorros, ellos son susceptibles a cualquier enfermedad contagiosa, por lo que es aconsejable realizar una visita temprana al veterinario. Las primeras vacunas se administrarán ya a las 6-8 semanas de vida. Para una protección completa, deberás volver al veterinario para que éste le administre varias inyecciones.');
INSERT INTO PrestacionesServicios VALUES(11, 0.543, 40000, 40000, 'Horario para sus necesidades: Establece una rutina regular de alimentación; si se trata de un perro, sácalo de paseo con frecuencia para que haga sus necesidades, especialmente cuando se despierte. Si le ves caminar en círculos o gimiendo cerca de la puerta, son signos seguros de que necesita salir al exterior rápidamente. En el caso de los gatos, recuerda que ellos defecan en la arena, la cual debes cambiar cada 5 días.');
INSERT INTO PrestacionesServicios VALUES(12, 2.529, 30000, NULL, 'Una mascota aburrida te costará cientos de zapatos, fundas, cajas y objetos mordisqueados. Invierte en juguetes interactivos que los mantendrán ocupados incluso cuando tengas que salir de casa.');
INSERT INTO PrestacionesServicios VALUES(13, 2.501, 80000, NULL, 'Dieta y ejercicio. Son vitales para el bienestar de tu mascota, sobre todo si se trata de un perro o un gato. Al ser muy juguetones y enérgicos, debes asegurarte de que realizan el ejercicio adecuado. También es el responsable de dar al animal la nutrición que necesite desde el principio.');
INSERT INTO PrestacionesServicios VALUES(14, 1.464, 60000, NULL, 'Una correcta atención sanitaria. Al adoptar una mascota, se debe tener un control de las visitas al especialista. En el caso de los cachorros, ellos son susceptibles a cualquier enfermedad contagiosa, por lo que es aconsejable realizar una visita temprana al veterinario. Las primeras vacunas se administrarán ya a las 6-8 semanas de vida. Para una protección completa, deberás volver al veterinario para que éste le administre varias inyecciones.');
INSERT INTO PrestacionesServicios VALUES(15, 2.077, 20000, NULL, 'Las infecciones en las vías urinarias son una de las enfermedades más comunes y son prevenibles. Sólo asegúrate que tus mascotas siempre tienen agua limpia y fresca a su alcance. Cámbiales el agua y lava sus platos regularmente.');
INSERT INTO PrestacionesServicios VALUES(16, 2.103, 30000, 80000, 'Entrénalo: A nadie le gusta un perro desobediente e incontrolado, por lo que al adoptarlo puedes iniciar con su entrenamiento. Una de las primeras cosas que deberás hacer es que reconozca su nombre. Utilízalo con tanta frecuencia como puedas para llamar su atención: cuando le felicites y cuando le das de comer.');
INSERT INTO PrestacionesServicios VALUES(17, 1.146, 60000, NULL, 'Entrénalo: A nadie le gusta un perro desobediente e incontrolado, por lo que al adoptarlo puedes iniciar con su entrenamiento. Una de las primeras cosas que deberás hacer es que reconozca su nombre. Utilízalo con tanta frecuencia como puedas para llamar su atención: cuando le felicites y cuando le das de comer.');
INSERT INTO PrestacionesServicios VALUES(18, 2.069, 20000, NULL, NULL);
INSERT INTO PrestacionesServicios VALUES(19, 1.903, 50000, NULL, 'Identifícalo: Acostumbra a tu perro a llevar un collar blando desde el principio. Después de un tiempo, añade una correa corta y ligera y déjate llevar por él sin tirar de ella durante algunos días. El objetivo es acostumbrarle a caminar contigo sin que tire. Si corre, o se retrasa, un suave tirón es todo lo que deberás hacer. Quédate cerca de él para que no sienta deseos de soltarse.');
INSERT INTO PrestacionesServicios VALUES(20, 1.28, 80000, NULL, NULL);
INSERT INTO PrestacionesServicios VALUES(21, 0.626, 50000, 40000, 'Evita cargarlo constantemente: Trata de resistir esta tentación, porque su cuerpo es muy delicado. Si lo haces, primero coloca una mano sobre su parte posterior y otra bajo el pecho, levántalo con ambas manos y mantenlo junto a tu cuerpo para que se sienta seguro.');
INSERT INTO PrestacionesServicios VALUES(22, 2.861, 20000, 80000, 'Evita los huesos de verdad, ya que pueden astillarse y asfixiarle.');
INSERT INTO PrestacionesServicios VALUES(23, 0.999, 70000, NULL, 'Las infecciones en las vías urinarias son una de las enfermedades más comunes y son prevenibles. Sólo asegúrate que tus mascotas siempre tienen agua limpia y fresca a su alcance. Cámbiales el agua y lava sus platos regularmente.');
INSERT INTO PrestacionesServicios VALUES(24, 0.558, 30000, 50000, 'Una correcta atención sanitaria. Al adoptar una mascota, se debe tener un control de las visitas al especialista. En el caso de los cachorros, ellos son susceptibles a cualquier enfermedad contagiosa, por lo que es aconsejable realizar una visita temprana al veterinario. Las primeras vacunas se administrarán ya a las 6-8 semanas de vida. Para una protección completa, deberás volver al veterinario para que éste le administre varias inyecciones.');
INSERT INTO PrestacionesServicios VALUES(25, 2.916, 40000, 10000, 'Cuida su higiene: El cepillado regular es esencial para los perros jóvenes, debido a que elimina el pelo muerto, la suciedad y los parásitos; además, estimula el aporte de sangre hacia la piel, lo que genera un pelaje de aspecto más sano y brillante. Utiliza un equipo especial para esta acción.');
INSERT INTO PrestacionesServicios VALUES(26, 1.159, 50000, NULL, 'Evita cargarlo constantemente: Trata de resistir esta tentación, porque su cuerpo es muy delicado. Si lo haces, primero coloca una mano sobre su parte posterior y otra bajo el pecho, levántalo con ambas manos y mantenlo junto a tu cuerpo para que se sienta seguro.');
INSERT INTO PrestacionesServicios VALUES(27, 2.046, 40000, NULL, 'Para controlar el sarro y la placa dental, es aconsejable nutrirlo con un alimento seco, ya que le ayudará a aflojar los dientes de leche y acelerar así el proceso de dentición.');
INSERT INTO PrestacionesServicios VALUES(28, 1.39, 20000, NULL, 'Horario para sus necesidades: Establece una rutina regular de alimentación; si se trata de un perro, sácalo de paseo con frecuencia para que haga sus necesidades, especialmente cuando se despierte. Si le ves caminar en círculos o gimiendo cerca de la puerta, son signos seguros de que necesita salir al exterior rápidamente. En el caso de los gatos, recuerda que ellos defecan en la arena, la cual debes cambiar cada 5 días.');
INSERT INTO PrestacionesServicios VALUES(29, 1.025, 30000, NULL, 'Dieta y ejercicio. Son vitales para el bienestar de tu mascota, sobre todo si se trata de un perro o un gato. Al ser muy juguetones y enérgicos, debes asegurarte de que realizan el ejercicio adecuado. También es el responsable de dar al animal la nutrición que necesite desde el principio.');
INSERT INTO PrestacionesServicios VALUES(30, 1.36, 70000, NULL, NULL);